{
  "project_info": {
    "project_number": "836224163861",
    "project_id": "appex-connect-wylipj",
    "storage_bucket": "appex-connect-wylipj.appspot.com"
  },
  "client": [
    {
      "client_info": {
        "mobilesdk_app_id": "1:836224163861:android:2d1edf22299f91d8686e1c",
        "android_client_info": {
          "package_name": "com.mycompany.appexconnect"
        }
      },
      "oauth_client": [
        {
          "client_id": "836224163861-5ml7a7qb681nk378hdhk5qepniib6tf2.apps.googleusercontent.com",
          "client_type": 1,
          "android_info": {
            "package_name": "com.mycompany.appexconnect",
            "certificate_hash": "9bbb3186b2189ef16d8f272bdab59362c395cbb4"
          }
        },
        {
          "client_id": "836224163861-cau59487jfk3n599bhdujpchc8taqdh9.apps.googleusercontent.com",
          "client_type": 3
        }
      ],
      "api_key": [
        {
          "current_key": "AIzaSyD2Yr0dX8NXKpqd3WZ_juVaZ63l1pzCOpc"
        }
      ],
      "services": {
        "appinvite_service": {
          "other_platform_oauth_client": [
            {
              "client_id": "836224163861-cau59487jfk3n599bhdujpchc8taqdh9.apps.googleusercontent.com",
              "client_type": 3
            },
            {
              "client_id": "836224163861-dgtbcfvebtjt63rima9rd8cn4g8am8c8.apps.googleusercontent.com",
              "client_type": 2,
              "ios_info": {
                "bundle_id": "com.mycompany.appexconnect"
              }
            }
          ]
        }
      }
    }
  ],
  "configuration_version": "1"
}